{"cameraMode":{"drawMode":0,"name":"Shaded","section":"Shading Mode"},"sceneLighting":true,"audioPlay":false,"sceneViewState":{"showFog":true,"showMaterialUpdate":false,"showSkybox":true,"showFlares":true,"showImageEffects":true,"showParticleSystems":true},"in2DMode":false,"pivot":{"x":0.2206394076347351,"y":0.7110357284545898,"z":1.8034601211547852},"rotation":{"x":0.2930624485015869,"y":0.053025856614112857,"z":-0.016294093802571298,"w":0.9544941782951355},"size":10.867993354797364,"orthographic":false}